{
  "olmo_pre_rl": {
    "n": 29,
    "tp": 9,
    "fp": 0,
    "fn": 3,
    "tn": 17,
    "total_flips": 12,
    "total_nonflips": 17,
    "tpr": 0.75,
    "fpr": 0.0,
    "precision": 1.0,
    "recall": 0.75,
    "f1": 0.8571428571428571,
    "accuracy": 0.896551724137931,
    "auroc": 0.946078431372549,
    "switch_prob_mean": 74.08333333333333,
    "nonswitch_prob_mean": 7.470588235294118
  },
  "olmo_step_20": {
    "n": 29,
    "tp": 6,
    "fp": 1,
    "fn": 2,
    "tn": 20,
    "total_flips": 8,
    "total_nonflips": 21,
    "tpr": 0.75,
    "fpr": 0.047619047619047616,
    "precision": 0.8571428571428571,
    "recall": 0.75,
    "f1": 0.7999999999999999,
    "accuracy": 0.896551724137931,
    "auroc": 0.9196428571428571,
    "switch_prob_mean": 70.625,
    "nonswitch_prob_mean": 10.333333333333334
  },
  "olmo_step_100": {
    "n": 43,
    "tp": 5,
    "fp": 3,
    "fn": 7,
    "tn": 28,
    "total_flips": 12,
    "total_nonflips": 31,
    "tpr": 0.4166666666666667,
    "fpr": 0.0967741935483871,
    "precision": 0.625,
    "recall": 0.4166666666666667,
    "f1": 0.5,
    "accuracy": 0.7674418604651163,
    "auroc": 0.7553763440860215,
    "switch_prob_mean": 40.583333333333336,
    "nonswitch_prob_mean": 13.35483870967742
  },
  "olmo_step_200": {
    "n": 22,
    "tp": 2,
    "fp": 1,
    "fn": 0,
    "tn": 19,
    "total_flips": 2,
    "total_nonflips": 20,
    "tpr": 1.0,
    "fpr": 0.05,
    "precision": 0.6666666666666666,
    "recall": 1.0,
    "f1": 0.8,
    "accuracy": 0.9545454545454546,
    "auroc": 0.95,
    "switch_prob_mean": 90.0,
    "nonswitch_prob_mean": 9.8
  },
  "olmo_step_300": {
    "n": 10,
    "tp": 2,
    "fp": 0,
    "fn": 1,
    "tn": 7,
    "total_flips": 3,
    "total_nonflips": 7,
    "tpr": 0.6666666666666666,
    "fpr": 0.0,
    "precision": 1.0,
    "recall": 0.6666666666666666,
    "f1": 0.8,
    "accuracy": 0.9,
    "auroc": null,
    "switch_prob_mean": 63.333333333333336,
    "nonswitch_prob_mean": 4.285714285714286
  },
  "olmo_step_480": {
    "n": 18,
    "tp": 3,
    "fp": 1,
    "fn": 3,
    "tn": 11,
    "total_flips": 6,
    "total_nonflips": 12,
    "tpr": 0.5,
    "fpr": 0.08333333333333333,
    "precision": 0.75,
    "recall": 0.5,
    "f1": 0.6,
    "accuracy": 0.7777777777777778,
    "auroc": 0.7847222222222222,
    "switch_prob_mean": 45.0,
    "nonswitch_prob_mean": 10.666666666666666
  },
  "olmo_step_1000": {
    "n": 32,
    "tp": 2,
    "fp": 0,
    "fn": 4,
    "tn": 26,
    "total_flips": 6,
    "total_nonflips": 26,
    "tpr": 0.3333333333333333,
    "fpr": 0.0,
    "precision": 1.0,
    "recall": 0.3333333333333333,
    "f1": 0.5,
    "accuracy": 0.875,
    "auroc": 0.7019230769230769,
    "switch_prob_mean": 34.333333333333336,
    "nonswitch_prob_mean": 4.615384615384615
  },
  "olmo_step_1200": {
    "n": 55,
    "tp": 3,
    "fp": 4,
    "fn": 9,
    "tn": 39,
    "total_flips": 12,
    "total_nonflips": 43,
    "tpr": 0.25,
    "fpr": 0.09302325581395349,
    "precision": 0.42857142857142855,
    "recall": 0.25,
    "f1": 0.3157894736842105,
    "accuracy": 0.7636363636363637,
    "auroc": 0.7277131782945736,
    "switch_prob_mean": 28.416666666666668,
    "nonswitch_prob_mean": 11.744186046511627
  },
  "gptoss_nohack": {
    "n": 66,
    "tp": 35,
    "fp": 1,
    "fn": 2,
    "tn": 28,
    "total_flips": 37,
    "total_nonflips": 29,
    "tpr": 0.9459459459459459,
    "fpr": 0.034482758620689655,
    "precision": 0.9722222222222222,
    "recall": 0.9459459459459459,
    "f1": 0.9589041095890412,
    "accuracy": 0.9545454545454546,
    "auroc": 0.9645852749301025,
    "switch_prob_mean": 84.56756756756756,
    "nonswitch_prob_mean": 10.620689655172415
  },
  "gptoss_b0.0": {
    "n": 55,
    "tp": 23,
    "fp": 0,
    "fn": 1,
    "tn": 31,
    "total_flips": 24,
    "total_nonflips": 31,
    "tpr": 0.9583333333333334,
    "fpr": 0.0,
    "precision": 1.0,
    "recall": 0.9583333333333334,
    "f1": 0.9787234042553191,
    "accuracy": 0.9818181818181818,
    "auroc": 0.9939516129032258,
    "switch_prob_mean": 88.875,
    "nonswitch_prob_mean": 9.451612903225806
  },
  "gptoss_b0.005": {
    "n": 55,
    "tp": 27,
    "fp": 1,
    "fn": 2,
    "tn": 25,
    "total_flips": 29,
    "total_nonflips": 26,
    "tpr": 0.9310344827586207,
    "fpr": 0.038461538461538464,
    "precision": 0.9642857142857143,
    "recall": 0.9310344827586207,
    "f1": 0.9473684210526316,
    "accuracy": 0.9454545454545454,
    "auroc": 0.9721485411140584,
    "switch_prob_mean": 83.41379310344827,
    "nonswitch_prob_mean": 11.923076923076923
  },
  "gptoss_b0.02": {
    "n": 55,
    "tp": 24,
    "fp": 1,
    "fn": 2,
    "tn": 28,
    "total_flips": 26,
    "total_nonflips": 29,
    "tpr": 0.9230769230769231,
    "fpr": 0.034482758620689655,
    "precision": 0.96,
    "recall": 0.9230769230769231,
    "f1": 0.9411764705882353,
    "accuracy": 0.9454545454545454,
    "auroc": 0.9456233421750663,
    "switch_prob_mean": 83.42307692307692,
    "nonswitch_prob_mean": 11.827586206896552
  },
  "gptoss120b_nohack": {
    "n": 66,
    "tp": 45,
    "fp": 2,
    "fn": 6,
    "tn": 13,
    "total_flips": 51,
    "total_nonflips": 15,
    "tpr": 0.8823529411764706,
    "fpr": 0.13333333333333333,
    "precision": 0.9574468085106383,
    "recall": 0.8823529411764706,
    "f1": 0.9183673469387754,
    "accuracy": 0.8787878787878788,
    "auroc": 0.9032679738562092,
    "switch_prob_mean": 80.13725490196079,
    "nonswitch_prob_mean": 18.8
  },
  "gptoss120b_s200": {
    "n": 66,
    "tp": 39,
    "fp": 1,
    "fn": 3,
    "tn": 23,
    "total_flips": 42,
    "total_nonflips": 24,
    "tpr": 0.9285714285714286,
    "fpr": 0.041666666666666664,
    "precision": 0.975,
    "recall": 0.9285714285714286,
    "f1": 0.951219512195122,
    "accuracy": 0.9393939393939394,
    "auroc": 0.9464285714285714,
    "switch_prob_mean": 85.4047619047619,
    "nonswitch_prob_mean": 12.0
  },
  "gptoss120b_s350_sutl": {
    "n": 77,
    "tp": 49,
    "fp": 2,
    "fn": 3,
    "tn": 23,
    "total_flips": 52,
    "total_nonflips": 25,
    "tpr": 0.9423076923076923,
    "fpr": 0.08,
    "precision": 0.9607843137254902,
    "recall": 0.9423076923076923,
    "f1": 0.9514563106796117,
    "accuracy": 0.935064935064935,
    "auroc": 0.9388461538461539,
    "switch_prob_mean": 85.01923076923077,
    "nonswitch_prob_mean": 15.44
  },
  "gptoss120b_s400": {
    "n": 66,
    "tp": 36,
    "fp": 1,
    "fn": 3,
    "tn": 26,
    "total_flips": 39,
    "total_nonflips": 27,
    "tpr": 0.9230769230769231,
    "fpr": 0.037037037037037035,
    "precision": 0.972972972972973,
    "recall": 0.9230769230769231,
    "f1": 0.9473684210526315,
    "accuracy": 0.9393939393939394,
    "auroc": 0.9515669515669516,
    "switch_prob_mean": 82.33333333333333,
    "nonswitch_prob_mean": 11.592592592592593
  }
}